{"target": 0.9999999999999999, 
"blockedShotAttemptsFor_diff": 0.17756914864731607, 
"corsiPercentage_diff": 0.03029981174674833, 
"dZoneGiveawaysFor_diff": 0.025399091247991515, 
"faceOffsWonFor_diff": 0.07350697250495433, 
"fenwickPercentage_diff": 0.05203597460010471, 
"flurryAdjustedxGoalsFor_diff": 0.40745785220070785, 
"flurryScoreVenueAdjustedxGoalsFor_diff": 0.46260774232542046, 
"freezeFor_diff": 0.10045343882577956, 
"giveawaysFor_diff": 0.049390407005840645, 
"goalsAgainst_diff": 0.8394083377049366, 
"highDangerGoalsFor_diff": 0.5456682850532285, 
"highDangerShotsFor_diff": 0.2952638085463261, 
"highDangerxGoalsFor_diff": 0.39969858646307554, 
"hitsFor_diff": 0.14724772279996803, 
"lowDangerGoalsFor_diff": 0.45181708395812503, 
"lowDangerShotsFor_diff": 0.0847984842628787, 
"lowDangerxGoalsFor_diff": 0.002283044892423019, 
"mediumDangerGoalsFor_diff": 0.497087084527205, 
"mediumDangerShotsFor_diff": 0.15908553126536673, 
"mediumDangerxGoalsFor_diff": 0.16228220249456332, 
"missedShotsFor_diff": 0.07589696863071493, 
"penalityMinutesFor_diff": 0.013780631140319726, 
"penaltiesFor_diff": 0.0021515007240329076, 
"playContinuedInZoneFor_diff": 0.10604643270745884, 
"playContinuedOutsideZoneFor_diff": 0.04604047652012094, 
"playStoppedFor_diff": 0.03187572224074747, 
"reboundGoalsFor_diff": 0.28994695409263255, 
"reboundsFor_diff": 0.009154956976141418, 
"reboundxGoalsFor_diff": 0.03991978781265159, 
"savedShotsOnGoalFor_diff": 0.09648888509705833, 
"savedUnblockedShotAttemptsFor_diff": 0.10334847656679402, 
"scoreAdjustedShotsAttemptsFor_diff": 0.15386193971625486, 
"scoreAdjustedTotalShotCreditFor_diff": 0.46400513119871534, 
"scoreAdjustedUnblockedShotAttemptsFor_diff": 0.19543828902578683, 
"scoreFlurryAdjustedTotalShotCreditFor_diff": 0.48262438369620514, 
"scoreVenueAdjustedxGoalsFor_diff": 0.42876632728781255, 
"shotAttemptsFor_diff": 0.03677547863844483, 
"shotsOnGoalFor_diff": 0.1055086829386663, 
"takeawaysFor_diff": 0.14361087466538625, 
"totalShotCreditFor_diff": 0.40814791683947144, 
"unblockedShotAttemptsFor_diff": 0.04491978167786551, 
"xFreezeFor_diff": 0.018410710000697196, 
"xGoalsFor_diff": 0.37402465663886086, 
"xGoalsFromActualReboundsOfShotsFor_diff": 0.03954191624248535, 
"xGoalsFromxReboundsOfShotsFor_diff": 0.028873469965221485, 
"xGoalsPercentage_diff": 0.3877163960635243, 
"xOnGoalFor_diff": 0.056822371602253466, 
"xPlayContinuedInZoneFor_diff": 0.017204978960932402, 
"xPlayContinuedOutsideZoneFor_diff": 0.048227420220132426, 
"xPlayStoppedFor_diff": 0.014614988419348838, 
"xReboundsFor_diff": 0.0491575794299423}